index;GAZP close;GOLD close;IMOEX close;GAZP open;GAZP high;GAZP low;GAZP close_delta(t+1);GAZP close_delta(t-1);GAZP close_delta(t-2);GAZP close_delta(t-3);GAZP close_delta(t-4);GAZP close_delta(t-5);GOLD close_delta(t-1);GOLD close_delta(t-2);GOLD close_delta(t-3);GOLD close_delta(t-4);GOLD close_delta(t-5);IMOEX close_delta(t-1);IMOEX close_delta(t-2);IMOEX close_delta(t-3);IMOEX close_delta(t-4);IMOEX close_delta(t-5);predicted
20220117;0.974175;0.891196;0.973901;0.998662;0.99697;0.962457;-0.294539;0.0876999;0.0931051;0.176122;0.143578;0.147249;-0.0341727;0.0333761;0.0930506;0.0235808;-0.136543;0.102769;0.241206;0.442308;0.399247;0.358676;0.0342686
20220118;0.894829;0.888992;0.910601;0.978565;0.968586;0.894699;0.190292;0.294539;0.329529;0.327558;0.417485;0.387722;0.0809353;0.0333761;0.0836278;0.108297;0.0568272;0.649244;0.565247;0.567306;0.889246;0.917858;0.0168229
20220119;0.946092;0.902801;0.940111;0.891902;0.942467;0.852542;-0.0875896;-0.190292;0.0898716;0.156194;0.173411;0.264393;-0.507194;-0.304236;-0.301531;-0.184279;-0.124704;-0.302668;0.260502;0.26276;0.422268;0.790704;-0.00367738
20220120;0.922496;0.90045;0.961775;0.946486;0.960909;0.935016;0.0130171;0.0875896;-0.0885402;0.156104;0.228391;0.247203;0.0863309;-0.300385;-0.222615;-0.181659;-0.12865;-0.222204;-0.394517;0.0727282;0.143696;0.319214;0.0460003
20220121;0.926003;0.896778;0.940776;0.920115;0.947085;0.915204;-0.187645;-0.0130171;0.0642891;-0.0941652;0.146102;0.219736;0.134892;0.157895;-0.187279;-0.0995633;-0.104972;0.215386;-0.00512442;-0.180976;0.214941;0.317243;-0.0414123
20220124;0.875453;0.902458;0.884982;0.923951;0.923584;0.846149;0.0923331;0.187645;0.150547;0.213375;0.0587652;0.302137;-0.208633;-0.0526316;0.00824499;-0.240175;-0.181531;0.572258;0.592029;0.330648;0.166238;0.653814;-0.0223988
20220125;0.900327;0.905249;0.891399;0.873766;0.897112;0.873349;-0.0370656;-0.0923331;0.0821683;0.0669659;0.138801;-0.0168258;-0.102518;-0.22208;-0.11543;-0.0436681;-0.262036;-0.0658194;0.380662;0.422096;0.316075;0.141194;-0.0213617
20220126;0.890342;0.889727;0.918457;0.900523;0.905053;0.885652;0.282956;0.0370656;-0.0476462;0.10772;0.0975214;0.170623;0.570144;0.333761;0.169611;0.191266;0.210734;-0.27753;-0.258077;0.133857;0.281074;0.159215;0.089869
20220127;0.966568;0.879444;0.945338;0.882537;0.970645;0.886557;0.0477661;-0.282956;-0.211983;-0.275224;-0.123028;-0.134879;0.377698;0.676508;0.553592;0.30917;0.338595;-0.275706;-0.415837;-0.362;-0.0296054;0.120859;0.0149962
20220128;0.979435;0.87631;0.954275;0.967743;0.985058;0.971142;0.0575841;-0.0477661;-0.285117;-0.238959;-0.315367;-0.163529;0.115108;0.351733;0.696113;0.466376;0.329913;-0.091659;-0.276128;-0.37711;-0.449619;-0.0992578;-0.00423207
20220131;0.994948;0.881158;0.965703;0.983827;0.989499;0.996683;-0.042471;-0.0575841;-0.0908226;-0.315978;-0.286976;-0.365712;-0.178058;-0.0449294;0.206125;0.429694;0.343331;-0.117218;-0.157001;-0.283366;-0.482136;-0.593536;-0.0651396
20220201;0.983507;0.881745;0.97057;0.995778;0.990146;0.980942;0.00827358;0.042471;-0.013029;-0.051167;-0.28256;-0.25457;-0.0215827;-0.14249;-0.0553592;0.142358;0.378848;-0.0499116;-0.125622;-0.15133;-0.338137;-0.582132;0.0265632
20220202;0.985736;0.884536;0.969374;0.988197;0.981528;0.982148;-0.0876999;-0.00827358;0.0294817;-0.0190305;-0.0581343;-0.291951;-0.102518;-0.0885751;-0.19788;-0.0908297;0.0836622;0.0122605;-0.0283003;-0.0905616;-0.155961;-0.374384;-0.0249602
20220203;0.96211;0.884242;0.94951;0.981062;0.973587;0.971896;0.00937672;0.0876999;0.0684736;0.0991921;0.0525462;0.0136426;0.0107914;-0.0654685;-0.0742049;-0.141485;-0.0773481;0.203743;0.162358;0.097124;0.0309189;-0.0306724;-0.00613936
20220204;0.964636;0.884977;0.949463;0.967713;0.983881;0.967614;-0.0369553;-0.00937672;0.0675226;0.0570018;0.0919333;0.0452933;-0.0269784;-0.0115533;-0.0777385;-0.0681223;-0.1397;0.000476952;0.153501;0.126589;0.105376;0.0353788;-0.0177855
20220207;0.954681;0.891832;0.9494;0.964829;0.963115;0.954828;0.115279;0.0369553;0.0237756;0.0938061;0.0874268;0.123238;-0.251799;-0.198973;-0.175501;-0.179913;-0.17206;0.000645288;0.000843526;0.119797;0.13736;0.119874;0.0177153
20220208;0.985736;0.894623;0.971522;0.955672;0.976146;0.961944;0.0372863;-0.115279;-0.0675226;-0.0713645;0;-0.00682128;-0.102518;-0.252888;-0.249706;-0.179913;-0.207577;-0.226889;-0.170055;-0.13202;-0.013933;-0.00699934;-0.00930606
20220209;0.99578;0.897268;0.995396;0.98793;0.988293;0.995658;-0.0678434;-0.0372863;-0.131526;-0.0940754;-0.102118;-0.0307412;-0.0971223;-0.14249;-0.295642;-0.232314;-0.205209;-0.244873;-0.354597;-0.275491;-0.297741;-0.191335;-0.00926735
20220210;0.977504;0.894721;1;0.997176;0.986735;0.989385;-0.11947;0.0678434;0.0263433;-0.0689408;-0.0390266;-0.0471123;0.0935252;-0.00256739;-0.0694935;-0.173799;-0.168903;-0.0472182;-0.219549;-0.30348;-0.327914;-0.371246;-0.045497
20220211;0.945319;0.911958;0.970146;0.97797;0.967557;0.953501;0.0413679;0.11947;0.161484;0.122083;0.0283912;0.0591178;-0.633094;-0.385109;-0.416961;-0.358952;-0.434886;0.306203;0.194665;0.00825226;-0.134609;-0.152075;-0.045266
20220214;0.956464;0.917148;0.9523;0.933821;0.955644;0.91445;0.129619;-0.0413679;0.0673324;0.118761;0.0887787;-0.00545703;-0.190647;-0.587933;-0.47821;-0.401747;-0.408051;0.183037;0.367735;0.258478;0.124723;-0.0213198;-0.017627
20220215;0.991382;0.907942;0.984827;0.958794;0.986823;0.972318;0.0319912;-0.129619;-0.147408;-0.041921;0.0133393;-0.0172806;0.338129;0.105263;-0.318021;-0.190393;-0.21468;-0.333614;-0.11318;0.0910045;0.0685824;-0.0978298;0.0272738
20220216;1;0.916756;0.997442;0.998513;1;1;-0.143298;-0.0319912;-0.139325;-0.165171;-0.0682289;-0.012915;-0.323741;0.0102696;-0.11543;-0.393013;-0.314128;-0.129394;-0.348018;-0.163716;0.0165954;-0.0150446;0.0183445
20220217;0.961397;0.929145;0.960424;1;0.989352;0.971112;-0.154771;0.143298;0.0959582;-0.0149013;-0.0487607;0.0492951;-0.455036;-0.555841;-0.288575;-0.30655;-0.554854;0.379682;0.188127;-0.0487261;0.0630802;0.290995;-0.0518302
20220218;0.919703;0.928362;0.928209;0.96801;0.968645;0.924854;-0.575621;0.154771;0.256966;0.216517;0.111492;0.0783993;0.028777;-0.304236;-0.491166;-0.2;-0.264404;0.330416;0.533741;0.339573;0.156316;0.308353;-0.0573288
20220221;0.764636;0.930418;0.830711;0.920056;0.937996;0.726735;0.289134;0.575621;0.629672;0.710952;0.687697;0.587085;-0.0755396;-0.0333761;-0.328622;-0.400873;-0.213891;1;1;1;1;0.894024;0.00222348
20220331;0.720594;0.951229;0.739521;0.651029;0.732396;0.654665;0.0984004;-0.292113;-0.327913;-0.214363;-0.139522;0.145794;-0.136691;-0.379974;-0.0588928;0.191266;0.200474;-0.534411;-0.622143;-0.447574;-0.389379;-0.251413;0.0381064
20220401;0.747103;0.943835;0.754874;0.731062;0.760927;0.731198;0.0165472;-0.0984004;-0.336662;-0.389587;-0.295629;-0.221919;0.271583;0.0962773;-0.170789;0.0882096;0.292028;-0.157478;-0.520055;-0.5761;-0.583838;-0.554134;-0.0228966
20220404;0.75156;0.944227;0.762547;0.755262;0.764721;0.715608;-0.103696;-0.0165472;-0.0990965;-0.331239;-0.404687;-0.31196;-0.0143885;0.183569;0.0789164;-0.133624;0.0734017;-0.0786971;-0.17752;-0.450609;-0.673044;-0.718015;-0.0595103
20220405;0.723626;0.942611;0.728382;0.755173;0.754133;0.697937;-0.0419195;0.103696;0.0751308;-0.00915619;-0.247859;-0.322874;0.0593525;0.0320924;0.207303;0.0873362;-0.0947119;0.350419;0.204239;0.0668056;-0.26581;-0.511474;-0.0103131
20220406;0.712333;0.943541;0.714333;0.709746;0.728866;0.706863;0.0584666;0.0419195;0.125535;0.105027;0.0250563;-0.215553;-0.0341727;0.0179718;0.00706714;0.137118;0.0639305;0.144096;0.3717;0.243155;0.163433;-0.197912;-0.00925189
20220407;0.728083;0.947606;0.720887;0.71364;0.725925;0.721096;-0.0433536;-0.0584666;-0.0142653;0.0709156;0.0576836;-0.0229195;-0.149281;-0.130937;-0.0812721;-0.0672489;0.0584057;-0.0672222;0.0577815;0.249865;0.220532;0.13701;0.0338192
20220408;0.716404;0.951327;0.709215;0.733708;0.725896;0.72372;-0.071925;0.0433536;-0.013029;0.0218133;0.106625;0.0939518;-0.136691;-0.204108;-0.209658;-0.126638;-0.120758;0.119715;0.0394559;0.114957;0.346053;0.335727;0.0172176
20220411;0.697028;0.955636;0.699488;0.71917;0.714101;0.706109;0.019305;0.071925;0.0993818;0.0462298;0.080667;0.166894;-0.158273;-0.210526;-0.290931;-0.232314;-0.183899;0.0997671;0.164973;0.0890358;0.187483;0.463666;-0.0339357
20220412;0.702229;0.966605;0.695065;0.695683;0.696012;0.672456;-0.015775;-0.019305;0.0453638;0.0780969;0.0306444;0.0654843;-0.402878;-0.400513;-0.457008;-0.411354;-0.38674;0.0453666;0.109089;0.154873;0.125024;0.244977;-0.00459041
20220413;0.697979;0.970228;0.691626;0.707545;0.704865;0.699988;-0.140761;0.015775;-0.00304327;0.0556553;0.0913024;0.0439291;-0.133094;-0.382542;-0.454653;-0.403493;-0.43015;0.0352664;0.0606073;0.105491;0.189862;0.166958;-0.0026717
20220414;0.660059;0.965283;0.657792;0.698359;0.692688;0.666727;0.0208494;0.140761;0.13495;0.11167;0.170888;0.208186;0.181655;0.0346598;-0.232038;-0.248908;-0.284925;0.347025;0.287347;0.250078;0.333665;0.463927;-0.0191602
20220415;0.665676;0.971746;0.663334;0.659977;0.666657;0.650564;-0.0773304;-0.0208494;0.103376;0.110413;0.0950879;0.155252;-0.23741;-0.0397946;-0.123675;-0.287336;-0.329124;-0.0568415;0.218115;0.190311;0.234589;0.337356;-0.0076196
20220418;0.644844;0.974831;0.640805;0.666815;0.664745;0.653157;0.0411473;0.0773304;0.0486923;0.160503;0.174042;0.159709;-0.113309;-0.250321;-0.110718;-0.146725;-0.309392;0.231069;0.130957;0.304809;0.35207;0.431485;0.022129
20220419;0.655929;0.963911;0.63392;0.644845;0.65298;0.624208;-0.0198566;-0.0411473;0.0311935;0.0124776;0.127535;0.141701;0.401079;0.205392;0.03298;0.112664;0.0434096;0.070617;0.226761;0.143176;0.374434;0.449587;-0.00418587
20220420;0.650579;0.956566;0.63755;0.658313;0.67604;0.650232;-0.0952013;0.0198566;-0.0183547;0.0456014;0.0287517;0.145066;0.269784;0.478819;0.365135;0.155459;0.220205;-0.0372303;0.0250949;0.154644;0.131343;0.397615;0.0226838
20220421;0.624933;0.952453;0.621225;0.65415;0.650038;0.634129;-0.025262;0.0952013;0.0991916;0.0601436;0.123569;0.107503;0.151079;0.300385;0.53828;0.344105;0.206788;0.167438;0.0978701;0.117435;0.273229;0.268871;0.00672943
20220422;0.618128;0.94883;0.610606;0.625818;0.63239;0.624239;-0.0182019;0.025262;0.103852;0.114183;0.0810275;0.145521;0.133094;0.202824;0.36278;0.463755;0.369376;0.108913;0.207718;0.139829;0.19595;0.387699;0.00208509
20220425;0.613224;0.933944;0.598021;0.624182;0.617536;0.606477;0.215113;0.0182019;0.0374703;0.112837;0.129518;0.0967713;0.546763;0.485237;0.54417;0.534498;0.659037;0.129086;0.178891;0.237084;0.232939;0.314588;0.0273221
20220426;0.671174;0.936245;0.634194;0.618296;0.675746;0.622821;0.124655;-0.215113;-0.169757;-0.139677;-0.0624606;-0.0466576;-0.0845324;0.32991;0.38987;0.362445;0.445935;-0.371013;-0.181843;-0.0777812;0.0217781;-0.0020113;0.0297299
20220427;0.704755;0.927676;0.66314;0.672018;0.698571;0.668265;0.00419195;-0.124655;-0.292915;-0.26167;-0.242091;-0.165803;0.314748;0.164313;0.508834;0.441921;0.465667;-0.296889;-0.502024;-0.315079;-0.271969;-0.188157;0.0383889
20220428;0.705884;0.928068;0.652029;0.711737;0.732396;0.71015;0.0316602;-0.00419195;-0.111079;-0.279892;-0.266156;-0.247749;-0.0143885;0.214377;0.141343;0.370306;0.393054;0.113963;-0.137495;-0.323922;-0.268774;-0.226493;-0.0341924
20220429;0.714413;0.940163;0.668854;0.7093;0.721895;0.717689;-0.0688362;-0.0316602;-0.0309082;-0.13061;-0.306895;-0.294679;-0.444245;-0.327343;-0.0942285;-0.110917;0.1397;-0.172572;-0.0440531;-0.207881;-0.459612;-0.428287;-0.0360328
20220504;0.695869;0.925717;0.649156;0.716524;0.718836;0.702973;0.0489796;0.0688362;0.0320495;0.0268402;-0.0748986;-0.252933;0.530576;0.0616175;0.0471143;0.187773;0.132597;0.202031;0.0221426;0.0838679;-0.0970874;-0.375993;0.0102781
20220505;0.709064;0.928411;0.657811;0.700381;0.704159;0.708884;0.0165472;-0.0489796;0.0171184;-0.00960503;-0.0130689;-0.115962;-0.0989209;0.308087;-0.00824499;-0.0131004;0.126283;-0.0887692;0.0851329;-0.0346825;0.0345752;-0.173656;-0.00511765
20220506;0.713522;0.934776;0.654592;0.709062;0.714513;0.708944;0.0208494;-0.0165472;-0.0564907;0.002693;-0.0231636;-0.0268304;-0.233813;-0.237484;0.129564;-0.119651;-0.114444;0.0330219;-0.0419022;0.0855413;-0.0166309;0.0628532;0.0106565
20220511;0.719138;0.916218;0.652981;0.712837;0.715777;0.716422;-0.126089;-0.0208494;-0.0322397;-0.0702873;-0.0143308;-0.0405639;0.681655;0.319641;0.228504;0.427074;0.191002;0.016525;0.0372417;-0.0229357;0.102998;-0.00699934;0.00164693
20220512;0.685171;0.908285;0.628567;0.71911;0.711483;0.685182;0.0547159;0.126089;0.0907275;0.0721724;0.032447;0.0894952;0.291367;0.69448;0.484099;0.310917;0.513812;0.2504;0.200633;0.175397;0.133597;0.296225;0.0076733
20220513;0.699911;0.897757;0.631196;0.690094;0.697688;0.69061;0.0957529;-0.0547159;0.0615311;0.0411131;0.0277603;-0.0123693;0.386691;0.483954;0.890459;0.546725;0.450671;-0.0269618;0.167946;0.140321;0.172698;0.132062;0.0194729
20220516;0.725706;0.897512;0.646815;0.698626;0.726366;0.702943;0.161059;-0.0957529;-0.129719;-0.0198384;-0.0369536;-0.0509322;0.00899281;0.282413;0.449941;0.664629;0.498027;-0.1602;-0.140679;0.0369793;0.0504606;0.0808544;0.0417041
20220517;0.769094;0.897659;0.663091;0.731419;0.764751;0.739702;0.0666299;-0.161059;-0.221398;-0.253501;-0.15151;-0.170077;-0.00539568;0.00256739;0.255595;0.331004;0.598264;-0.166933;-0.245888;-0.207061;-0.0656005;-0.0624912;0.0171962
20220518;0.787043;0.898541;0.66889;0.776014;0.792458;0.787045;0.0202978;-0.0666299;-0.196291;-0.263196;-0.308968;-0.207822;-0.0323741;-0.0269576;-0.0188457;0.173799;0.284925;-0.0594787;-0.170181;-0.226076;-0.261639;-0.116977;-0.00586754
20220519;0.792511;0.907159;0.666502;0.796765;0.793517;0.792021;-0.0405957;-0.0202978;-0.0749406;-0.201795;-0.280847;-0.328513;-0.316547;-0.249037;-0.232038;-0.167686;0.0181531;0.0244929;-0.0262969;-0.118075;-0.229087;-0.278928;-0.0256162
20220520;0.781575;0.906327;0.649184;0.798133;0.790929;0.785266;0;0.0405957;0.0174988;-0.037702;-0.169446;-0.249932;0.0305755;-0.204108;-0.208481;-0.157205;-0.138122;0.177623;0.151919;0.0834085;-0.0153707;-0.132263;-0.00432678
20220523;0.781575;0.91088;0.62965;0.789154;0.802988;0.793076;0.030888;0;0.0349976;0.0165171;-0.0378549;-0.170987;-0.167266;-0.097561;-0.29682;-0.235808;-0.21547;0.200348;0.2841;0.235345;0.216982;0.126209;-0.00592986
20220524;0.789896;0.916218;0.627399;0.781871;0.786193;0.755081;0.0617761;-0.030888;-0.0266286;0.00789946;-0.00865255;-0.0636653;-0.196043;-0.259307;-0.217903;-0.315284;-0.299132;0.0230901;0.167946;0.234525;0.269218;0.262435;0.0123558
20220525;0.806538;0.9052;0.640135;0.797955;0.799047;0.795489;0.27016;-0.0617761;-0.0798859;-0.0754039;-0.0425417;-0.0596635;0.404676;0.148909;0.0270907;0.0349345;-0.10734;-0.130629;-0.0808309;0.0542713;0.171083;0.211428;0.016837
20220526;0.879316;0.904074;0.660071;0.81163;0.877434;0.738797;-0.0153337;-0.27016;-0.286163;-0.295242;-0.29644;-0.265666;0.0413669;0.318357;0.163722;0.0401747;0.0497238;-0.204472;-0.251877;-0.182452;-0.0706413;0.0472857;0.0287594
20220527;0.875186;0.910978;0.658574;0.891902;0.897112;0.88514;0.0694981;0.0153337;-0.219686;-0.25763;-0.283912;-0.286494;-0.253597;-0.151476;0.126031;-0.00174672;-0.0749803;0.0153466;-0.142155;-0.18698;-0.187679;-0.0690481;-0.0154144
20220530;0.893908;0.911664;0.656605;0.887858;0.888288;0.893432;-0.0777716;-0.0694981;-0.0466952;-0.263914;-0.315457;-0.343793;-0.0251799;-0.198973;-0.155477;0.0812227;-0.0126283;0.0202003;0.0267187;-0.098781;-0.189507;-0.198194;-0.0429524
20220531;0.872957;0.902213;0.644394;0.897461;0.888288;0.885079;0.0434639;0.0777716;0.00713267;0.0192101;-0.201442;-0.254206;0.347122;0.229782;0.0447585;0.0532751;0.22573;0.125242;0.109321;0.0940233;-0.0276353;-0.124962;0.0304031
20220601;0.884666;0.905102;0.64955;0.872607;0.880934;0.875249;-0.0186431;-0.0434639;0.0295768;-0.0286355;-0.0162235;-0.239109;-0.106115;0.172015;0.141343;-0.0183406;0.00157853;-0.0528856;0.0543863;0.0541237;0.0682629;-0.0692291;-0.0175169
20220602;0.879643;0.9123;0.640132;0.885064;0.880434;0.889271;0.0110314;0.0186431;-0.021398;0.043088;-0.0135196;-0.00100045;-0.264388;-0.264442;-0.0153121;-0.0235808;-0.132597;0.0965968;0.0328553;0.0987974;0.119664;0.146604;0.0199997
20220603;0.882615;0.907796;0.631341;0.880307;0.874287;0.87751;-0.00551572;-0.0110314;0.00656205;-0.0291741;0.0342497;-0.0227376;0.165468;-0.0706033;-0.134276;0.0689956;0.0513023;0.090172;0.140384;0.0782898;0.16393;0.200245;-0.019248
20220606;0.881129;0.905396;0.624264;0.885956;0.879463;0.889934;0.0164368;0.00551572;-0.00475511;0.0106822;-0.0247859;0.0391087;0.0881295;0.181001;-0.00706714;-0.0567686;0.101026;0.0725809;0.122332;0.151658;0.130615;0.237796;0.0141098
20220607;0.885557;0.908089;0.626852;0.884083;0.878552;0.888125;0.110425;-0.0164368;-0.00941512;-0.0178636;-0.00270392;-0.038563;-0.0989209;-0.00770218;0.101296;-0.0532751;-0.0947119;-0.026541;0.0346057;0.0796515;0.147282;0.128985;0.00519426
20220608;0.915305;0.909558;0.6343;0.888334;0.910642;0.899101;-0.0165472;-0.110425;-0.109368;-0.0987433;-0.108157;-0.0937699;-0.0539568;-0.109114;-0.0424028;0.0489083;-0.0718232;-0.0763965;-0.0773724;-0.0177514;0.037841;0.11213;0.0104843
20220609;0.910847;0.905298;0.6275;0.921542;0.913348;0.914299;0.0297849;0.0165472;-0.080932;-0.0897666;-0.0856242;-0.095498;0.156475;0.0731707;0.00235571;0.0445415;0.112865;0.0697472;-0.00499789;-0.0194084;0.0249197;0.092882;-0.000869411
20220610;0.918871;0.912447;0.625183;0.911167;0.914701;0.919908;0.0936569;-0.0297849;-0.0114123;-0.100628;-0.114466;-0.11096;-0.26259;-0.0757381;-0.104829;-0.125764;-0.0749803;0.0237634;0.0702868;0.0100077;-0.00596369;0.0452744;-0.0214308
20220614;0.944101;0.896582;0.62634;0.918599;0.949379;0.925758;-0.0164368;-0.0936569;-0.106419;-0.0869838;-0.177557;-0.192724;0.582734;0.228498;0.312132;0.20524;0.142068;-0.0118677;0.00894137;0.0477417;0.00331907;-0.0152658;0.0319581
20220615;0.939673;0.898541;0.63433;0.948359;0.950026;0.947199;0.00871484;0.0164368;-0.0665716;-0.0870736;-0.0739072;-0.165621;-0.0719424;0.36457;0.162544;0.196507;0.153907;-0.0819516;-0.0705188;-0.040966;-0.00019524;-0.054989;-0.00500331
20220616;0.942021;0.901479;0.648224;0.941105;0.936084;0.948375;-0.0164368;-0.00871484;0.00665716;-0.0699282;-0.0945471;-0.0817644;-0.107914;-0.12837;0.26384;0.0681223;0.130229;-0.142496;-0.168705;-0.138188;-0.134467;-0.102375;-0.00651725
20220617;0.937593;0.900157;0.64391;0.944167;0.934467;0.945359;-0.0388307;0.0164368;0.00665716;0.0196589;-0.0567823;-0.0818554;0.0485612;-0.042362;-0.0859835;0.219214;0.0828729;0.0442443;-0.0738507;-0.105376;-0.12151;-0.120658;-0.00587991
20220620;0.927132;0.892861;0.657702;0.939678;0.935349;0.93782;-0.114727;0.0388307;0.0476462;0.0378815;0.0514646;-0.0252842;0.267986;0.225931;0.136631;0.0663755;0.315706;-0.141458;-0.0730704;-0.140174;-0.203493;-0.239104;-0.0263599
20220621;0.896226;0.893203;0.645231;0.928499;0.920231;0.906972;-0.0637617;0.114727;0.132382;0.13833;0.131771;0.146521;-0.0125899;0.182285;0.199058;0.0951965;0.0544594;0.127907;-0.0101856;0.0179483;-0.07073;-0.138901;-0.00771753
20220622;0.879049;0.900842;0.649255;0.892199;0.888023;0.887642;0.0849421;0.0637617;0.153875;0.17684;0.190987;0.185539;-0.280576;-0.209243;-0.01649;0.0113537;-0.0370955;-0.0412704;0.0651202;-0.0320575;-0.0066914;-0.109737;-0.0215729
20220623;0.901932;0.896827;0.65774;0.879445;0.895935;0.877812;-0.0827358;-0.0849421;-0.0182596;0.0761221;0.108157;0.122692;0.147482;-0.0949936;-0.0954064;0.0593886;0.0749803;-0.0870297;-0.0964361;-0.000229685;-0.0897393;-0.0699732;0.00435537
20220624;0.879643;0.896239;0.654176;0.904091;0.904318;0.891231;0.00220629;0.0827358;-0.00190204;0.0500898;0.144029;0.177353;0.0215827;0.120668;-0.0730271;-0.060262;0.0631413;0.036557;-0.0379376;-0.0536479;0.0228785;-0.0754842;-0.000947529
20220627;0.880238;0.899324;0.661165;0.88001;0.881817;0.889874;0.0110314;-0.00220629;0.0694246;-0.00359066;0.0484903;0.14352;-0.113309;-0.0654685;0.0365135;-0.10917;-0.104183;-0.0716831;-0.0264024;-0.0714321;-0.103388;-0.0254631;-0.0321463
20220628;0.88321;0.894819;0.658892;0.882388;0.893817;0.884205;0.00496415;-0.0110314;-0.0114123;0.056553;-0.0126183;0.0398363;0.165468;0.0372272;0.0482921;0.107424;-0.0260458;0.0233145;-0.036356;-0.00690696;-0.06253;-0.100444;0.0183799
20220629;0.884547;0.89952;0.650631;0.885688;0.884699;0.885954;-1;-0.00496415;-0.0137898;-0.0148115;0.0527265;-0.0168258;-0.172662;-0.00513479;-0.0789164;-0.0480349;0.0213102;0.0847291;0.0812105;0.0212623;0.0461298;-0.0101169;-0.0178252
20220630;0.615156;0.896484;0.603117;0.890712;0.91423;0.6031;-0.159956;1;0.857822;0.800718;0.802163;0.877672;0.111511;-0.0436457;0.0683157;-0.00436681;0.00552486;0.487333;0.429987;0.348153;0.331304;0.401637;-0.0878444
20220701;0.572065;0.898149;0.603598;0.597098;0.593711;0.561486;-0.0689465;0.159956;1;0.939856;0.934655;0.941337;-0.0611511;0.0359435;-0.0800942;0.0209607;-0.0307814;-0.00493786;0.36259;0.331633;0.373529;0.37189;-0.0550291
20220704;0.553492;0.894721;0.603065;0.570758;0.574857;0.546409;0.121897;0.0689465;0.197337;1;1;1;0.125899;0.0462131;0.11543;0.00174672;0.074191;0.00547092;0.000400675;0.285285;0.362241;0.427201;0.106752
20220705;0.58633;0.881353;0.609077;0.553871;0.587888;0.558471;-0.0207391;-0.121897;-0.0456491;0.0870736;0.904461;0.908595;0.491007;0.440308;0.363958;0.324017;0.217048;-0.0616671;-0.0422396;-0.0357489;0.269626;0.366278;-0.0802145
20220706;0.580743;0.857849;0.607775;0.588001;0.605271;0.586334;0.0275786;0.0207391;-0.0872087;-0.0262118;0.104371;0.929786;0.863309;0.966624;0.969376;0.689083;0.671665;0.0133547;-0.0363138;-0.0250521;-0.0302267;0.315111;0.0642251
20220707;0.588172;0.855009;0.60908;0.581074;0.586711;0.580062;0.000882515;-0.0275786;-0.00589634;-0.104758;-0.0488508;0.082583;0.104317;0.690629;0.955241;0.769432;0.668508;-0.0133827;-2.10881e-05;-0.036077;-0.0355691;-0.0438464;0.00765092
20220708;0.58841;0.859025;0.607947;0.594631;0.59377;0.592757;-0.100386;-0.000882515;-0.0245364;-0.00628366;-0.105904;-0.0500227;-0.147482;-0.0308087;0.537102;0.636681;0.630624;0.0116152;-0.00132855;0.00677571;-0.0316821;-0.0319797;0.0311142
20220711;0.561367;0.854471;0.591489;0.588685;0.586593;0.569296;0.0275786;0.100386;0.0857822;0.0585278;0.0757098;-0.0241019;0.167266;0.0141207;0.0812721;0.479476;0.648777;0.168813;0.135618;0.0976818;0.114126;0.0851184;-0.0089468
20220712;0.568796;0.851777;0.583673;0.562433;0.56768;0.554852;-0.0595698;-0.0275786;0.0627675;0.0585278;0.0362325;0.0536608;0.0989209;0.189987;0.0777385;0.108297;0.476717;0.080156;0.187136;0.15238;0.156387;0.18679;0.0158728
20220713;0.552749;0.849231;0.567236;0.568439;0.570622;0.558772;-0.0159956;0.0595698;0.0275796;0.10772;0.107436;0.0856753;0.0935252;0.137356;0.235571;0.103057;0.138911;0.168589;0.186968;0.244172;0.271507;0.298075;0.0236028
20220714;0.54844;0.841299;0.564397;0.553871;0.553268;0.552168;0.0337562;0.0159956;0.065145;0.0390485;0.121226;0.121601;0.291367;0.274711;0.316843;0.316157;0.220994;0.0291221;0.148608;0.162486;0.282583;0.328546;9.28351e-05
20220715;0.557533;0.836843;0.57704;0.549114;0.555621;0.5525;-0.0100386;-0.0337562;-0.0153115;0.0340215;0.0116269;0.0944975;0.163669;0.324775;0.359246;0.31441;0.357537;-0.129675;-0.0755799;0.0397848;0.0937506;0.227257;0.0313935
20220718;0.554829;0.839242;0.573457;0.56163;0.557386;0.559435;0.0309983;0.0100386;-0.020447;-0.00628366;0.0423614;0.0200091;-0.0881295;0.0539153;0.240283;0.223581;0.245462;0.0367534;-0.0698439;-0.0373074;0.0662928;0.132585;0.00320706
20220719;0.56318;0.837185;0.56658;0.553276;0.55768;0.556661;0.0418092;-0.0309983;-0.0180694;-0.0445242;-0.0316359;0.0171896;0.0755396;-0.00898588;0.0989399;0.214847;0.235201;0.0705328;0.0806411;-0.0130921;0.00425978;0.125686;-0.01226
20220720;0.574443;0.831456;0.567663;0.564901;0.575916;0.572945;-0.0409266;-0.0418092;-0.0627675;-0.0510772;-0.0788644;-0.0663938;0.210432;0.204108;0.129564;0.175546;0.286504;-0.0111102;0.0446647;0.0562401;-0.0211924;-0.00313763;0.00985715
20220721;0.563418;0.847664;0.561755;0.578695;0.574887;0.566914;0.0293436;0.0409266;-0.000760818;-0.0259425;-0.0178459;-0.045839;-0.595324;-0.274711;-0.202591;-0.193013;-0.102605;0.060601;0.0371995;0.0701852;0.0991818;0.0194292;-0.0021138
20220722;0.571322;0.845265;0.573547;0.56279;0.567533;0.568723;-0.00275786;-0.0293436;0.00998573;-0.0245961;-0.0500225;-0.042201;0.0881295;-0.362003;-0.194346;-0.107424;-0.135754;-0.120949;-0.0453606;-0.0417863;-0.000585719;0.0256843;-0.00804516
20220725;0.570579;0.842523;0.582358;0.572631;0.572534;0.574634;0.0215113;0.00275786;-0.0229196;0.0116697;-0.0224425;-0.0482037;0.100719;0.134788;-0.266196;-0.0951965;-0.0528808;-0.0903684;-0.158836;-0.0881335;-0.102377;-0.0654478;-0.00315812
20220726;0.576374;0.843796;0.599717;0.570817;0.572063;0.576564;0.0280199;-0.0215113;-0.0161674;-0.0391382;-0.00585849;-0.040382;-0.0467626;0.0385109;0.0930506;-0.220087;-0.106551;-0.178043;-0.20175;-0.227684;-0.207984;-0.243649;-0.0204587
20220727;0.583923;0.850553;0.600756;0.578279;0.580917;0.585308;-0.00264755;-0.0280199;-0.0427009;-0.038061;-0.0621902;-0.0290132;-0.248201;-0.210526;-0.127208;-0.0515284;-0.307814;-0.0106613;-0.141839;-0.163191;-0.253066;-0.243328;-0.0235123
20220728;0.58321;0.858339;0.598825;0.588744;0.584711;0.588022;-0.0109211;0.00264755;-0.0218735;-0.0381508;-0.0360523;-0.060573;-0.285971;-0.381258;-0.380448;-0.233188;-0.17206;0.0198075;0.00687474;-0.0987646;-0.164019;-0.272572;-0.0286309
20220729;0.580267;0.866859;0.605568;0.583304;0.578858;0.583499;-0.0359625;0.0109211;0.0116976;-0.0117594;-0.0293826;-0.0273761;-0.31295;-0.427471;-0.55477;-0.434061;-0.348066;-0.069158;-0.0370941;-0.0350926;-0.150601;-0.235443;-0.0255841
20220801;0.570579;0.870238;0.596344;0.578249;0.572651;0.578976;-0.0533922;0.0359625;0.0404184;0.0403052;0.0175755;-1.11022e-16;-0.124101;-0.311938;-0.473498;-0.471616;-0.446725;0.0946048;0.019127;0.026463;0.0218846;-0.102838;-0.00515895
20220802;0.556196;0.864264;0.584639;0.569509;0.563798;0.563295;-0.00132377;0.0533922;0.0770328;0.0815978;0.0840919;0.0617553;0.219424;0.0680359;-0.142521;-0.244541;-0.329913;0.120052;0.161345;0.0850819;0.104577;0.110863;-0.0191969
20220803;0.55584;0.863285;0.580979;0.557706;0.555827;0.561818;-0.0236073;0.00132377;0.0471707;0.0737882;0.0830104;0.0859482;0.0359712;0.182285;0.0859835;-0.0882096;-0.205209;0.0375389;0.118452;0.147474;0.115795;0.145417;-0.0041392
20220804;0.54948;0.872931;0.578971;0.556071;0.550679;0.555757;-0.0917816;0.0236073;0.0214931;0.0637343;0.0933754;0.103229;-0.354317;-0.227214;-0.0647821;-0.108297;-0.235201;0.0205931;0.0436946;0.104195;0.172574;0.14598;0.00513038
20220805;0.524755;0.867202;0.561932;0.549263;0.545973;0.529974;0.0141202;0.0917816;0.0994769;0.0949731;0.138982;0.169895;0.210432;-0.102696;-0.0706714;0.0541485;-0.00552486;0.174761;0.146837;0.136187;0.223283;0.320843;-0.00947454
20220808;0.528559;0.874792;0.571263;0.535141;0.534796;0.534497;0.03508;-0.0141202;0.066952;0.0824057;0.0838215;0.128604;-0.278777;-0.0487805;-0.276796;-0.187773;-0.0734017;-0.095699;0.0594264;0.0582744;0.0867929;0.184416;-0.0108725
20220809;0.538009;0.876212;0.584502;0.529225;0.533502;0.528316;-0.0246001;-0.03508;-0.0424156;0.0346499;0.0540784;0.0556617;-0.0521583;-0.2362;-0.0789164;-0.230568;-0.192581;-0.135791;-0.173998;-0.0331731;-0.0228608;0.00100565;0.0115639
20220810;0.531382;0.873666;0.588523;0.538203;0.536296;0.538357;-0.0519581;0.0246001;-0.00903471;-0.020018;0.0548896;0.0748522;0.0935252;0.029525;-0.155477;-0.0131004;-0.167324;-0.0412423;-0.133066;-0.159484;-0.0619797;-0.0554718;-0.0234955
20220811;0.517385;0.873372;0.583493;0.533565;0.531296;0.523219;0.00286817;0.0519581;0.066001;0.0337522;0.0223524;0.0982265;0.0107914;0.0744544;0.0341578;-0.110044;-0.00710339;0.051595;0.00778153;-0.0733516;-0.139898;-0.0332468;-0.0253818
20220812;0.518158;0.878024;0.587383;0.518789;0.517325;0.51954;0.00485383;-0.00286817;0.0423205;0.0599641;0.0315457;0.020191;-0.170863;-0.114249;-0.0435807;-0.0576419;-0.174428;-0.0398956;0.00879376;-0.0172756;-0.104595;-0.187132;-0.0143414
20220815;0.519465;0.860298;0.592249;0.517481;0.516207;0.519872;0.0717044;-0.00485383;-0.00665716;0.0359964;0.0562416;0.0278308;0.651079;0.342747;0.321555;0.283843;0.233623;-0.0499116;-0.0675032;-0.0223451;-0.0502653;-0.154307;0.0122909
20220816;0.538782;0.859514;0.604069;0.521465;0.534178;0.526808;-0.0529509;-0.0717044;-0.066001;-0.064632;-0.0224425;-0.00236471;0.028777;0.485237;0.333333;0.252402;0.26914;-0.12123;-0.128638;-0.123407;-0.100868;-0.143869;0.00502435
20220817;0.524517;0.857262;0.598661;0.54079;0.536767;0.531934;0.0261445;0.0529509;-0.0161674;-0.0192101;-0.0216314;0.0210095;0.0827338;0.0795892;0.499411;0.287336;0.264404;0.0554667;-0.0494306;-0.0676423;-0.0984186;-0.0745389;0.00149634
20220818;0.53156;0.856282;0.600234;0.524438;0.52759;0.52922;-0.0140099;-0.0261445;0.0231098;-0.036535;-0.0406489;-0.0433834;0.0359712;0.084724;0.0965842;0.387773;0.275454;-0.0161322;0.0295656;-0.0478894;-0.0833851;-0.123092;-0.0188076
20220819;0.527786;0.85354;0.600466;0.531514;0.526207;0.532537;0.0452289;0.0140099;-0.0104612;0.0332136;-0.0252366;-0.0294679;0.100719;0.097561;0.143698;0.120524;0.394633;-0.00238476;-0.0139182;0.0216068;-0.0533182;-0.0962006;0.0213986
20220822;0.53997;0.843061;0.609479;0.527411;0.535914;0.533382;0.0286817;-0.0452289;-0.0269139;-0.0466786;-0.00360523;-0.0627558;0.384892;0.346598;0.341578;0.29345;0.277822;-0.0924445;-0.0712779;-0.0648861;-0.0351076;-0.126692;0.00119613
20220823;0.547697;0.848252;0.618224;0.541919;0.546503;0.549122;-0.0162162;-0.0286817;-0.0637185;-0.0487433;-0.0703019;-0.0272851;-0.190647;0.138639;0.193168;0.160699;0.181531;-0.089695;-0.136904;-0.107903;-0.126941;-0.104085;0.00670023
20220824;0.543328;0.849721;0.61498;0.549084;0.549032;0.549394;-0.0102592;0.0162162;-0.0107466;-0.0469479;-0.0356918;-0.0575716;-0.0539568;-0.174583;0.0918728;0.117031;0.121547;0.0332744;-0.0424083;-0.0870507;-0.0956852;-0.119994;-0.0149852
20220825;0.540565;0.849721;0.614466;0.54409;0.542973;0.545202;0.0189741;0.0102592;0.0228245;-0.00179533;-0.0387562;-0.027558;0;-0.0385109;-0.160188;0.0681223;0.105762;0.00527453;0.0289751;-0.0299083;-0.0908397;-0.104648;-0.0148924
20220826;0.545676;0.844481;0.620634;0.540492;0.541797;0.544298;0.0703806;-0.0189741;-0.00751308;0.00610413;-0.0173051;-0.0547522;0.192446;0.137356;0.0906949;-0.0253275;0.146014;-0.0632663;-0.0435892;-0.0144538;-0.0723807;-0.148293;0.00726626
20220829;0.564636;0.846685;0.62814;0.544476;0.558856;0.550781;0.15444;-0.0703806;-0.0770328;-0.0643627;-0.0513745;-0.0754889;-0.0809353;0.0795892;0.0730271;0.0279476;-0.0584057;-0.0769857;-0.10542;-0.0789297;-0.0643404;-0.137211;0.00328518
20220830;0.606241;0.839683;0.630955;0.566209;0.600624;0.574302;0.5615;-0.15444;-0.193818;-0.198384;-0.190807;-0.179172;0.257194;0.125802;0.241461;0.179039;0.138122;-0.0288696;-0.0795656;-0.0988959;-0.103655;-0.0936061;0.0119249
20220831;0.757504;0.835031;0.65652;0.718932;0.811695;0.729208;-0.063872;-0.5615;-0.617214;-0.639856;-0.657954;-0.65548;0.170863;0.30552;0.227326;0.262009;0.23678;-0.262211;-0.21879;-0.215231;-0.272874;-0.305437;0.0461106
20220901;0.740297;0.827637;0.669018;0.767035;0.76431;0.746698;0.040706;0.063872;-0.429006;-0.53061;-0.590266;-0.611278;0.271583;0.315789;0.458186;0.300437;0.355959;-0.128188;-0.293442;-0.245173;-0.313945;-0.401114;0.0162214
20220902;0.751263;0.830379;0.676043;0.74227;0.746956;0.742476;-0.030888;-0.040706;0.0199715;-0.438061;-0.566021;-0.629195;-0.100719;0.121951;0.223793;0.29083;0.227309;-0.0720478;-0.150506;-0.270421;-0.310822;-0.40741;-0.0490308
20220905;0.742942;0.829449;0.68069;0.746224;0.741544;0.749502;-0.0441258;0.030888;-0.0084641;0.0439856;-0.414601;-0.545703;0.0341727;-0.0474968;0.134276;0.182533;0.277822;-0.0476671;-0.0899831;-0.144964;-0.322713;-0.386392;0.0405404
20220906;0.731055;0.828469;0.663427;0.743222;0.735926;0.726735;-0.0490899;0.0441258;0.0646695;0.0279174;0.0802163;-0.381992;0.0359712;0.0500642;-0.0200236;0.117031;0.180742;0.177061;0.0972585;0.033534;-0.0448164;-0.238762;-0.0566588
20220907;0.717831;0.838165;0.656928;0.730765;0.722984;0.728394;0.0264755;0.0490899;0.0803614;0.100987;0.0681388;0.121419;-0.356115;-0.228498;-0.187279;-0.187773;-0.050513;0.0666611;0.183193;0.114646;0.0784509;-0.00299684;-0.000444684
20220908;0.724963;0.834639;0.653837;0.718129;0.721513;0.717206;0.0153337;-0.0264755;0.019496;0.0543088;0.0797657;0.0469304;0.129496;-0.161746;-0.124853;-0.0759825;-0.112865;0.0317033;0.073935;0.161059;0.144087;0.111627;0.00599311
20220909;0.729094;0.839487;0.663627;0.726632;0.727102;0.730233;-0.0225041;-0.0153337;-0.0360437;0.0059246;0.0420009;0.067849;-0.178058;-0.0346598;-0.265018;-0.179039;-0.146803;-0.100412;-0.0516449;-0.00119764;0.110719;0.0912931;0.0079161
20220912;0.723031;0.842963;0.67008;0.725354;0.726513;0.726916;-0.00728075;0.0225041;0.00618165;-0.0157092;0.0243353;0.0609368;-0.127698;-0.218228;-0.11543;-0.258515;-0.217837;-0.0661841;-0.125221;-0.0788804;-0.0431657;0.0780185;-0.0187286
20220913;0.72107;0.831946;0.669325;0.725116;0.721484;0.729148;0.00750138;0.00728075;0.0256776;0.0117594;-0.00982425;0.0305593;0.404676;0.197689;0.0647821;0.110917;-0.0560379;0.00774346;-0.0439266;-0.0928912;-0.0804388;-0.0433637;-0.0104469
20220914;0.723091;0.83082;0.666316;0.720329;0.715895;0.72372;0.00397132;-0.00750138;-0.000190204;0.0181329;0.00567823;-0.0160982;0.0413669;0.318357;0.208481;0.0681223;0.11839;0.0308616;0.0290173;-0.0161272;-0.0809712;-0.0690279;-0.00815539
20220915;0.72416;0.81471;0.669243;0.723421;0.718572;0.72948;0.00132377;-0.00397132;-0.00989063;-0.00341113;0.0149617;0.00245566;0.591727;0.451861;0.679623;0.441921;0.321231;-0.0300199;0.000632644;0.00502026;-0.0364388;-0.113277;0.00968111
20220916;0.724517;0.814171;0.665145;0.724432;0.730043;0.729238;0.00452289;-0.00132377;-0.00456491;-0.0104129;-0.00450653;0.0140064;0.0197842;0.436457;0.427562;0.513537;0.408051;0.0420279;0.00902573;0.0250685;0.0320193;-0.0111627;0.0121818
20220919;0.725736;0.814269;0.664852;0.723035;0.723307;0.731892;-0.254385;-0.00452289;-0.00504042;-0.00798923;-0.0141505;-0.00827649;-0.00359712;0.0115533;0.398115;0.315284;0.46251;0.00300199;0.0338465;0.00877725;0.0290197;0.038436;0.0113138
20220920;0.657207;0.808981;0.606076;0.720508;0.716072;0.60313;-0.0781026;0.254385;0.215407;0.202244;0.19982;0.195452;0.194245;0.136072;0.137809;0.38952;0.370166;0.602839;0.455377;0.378849;0.39087;0.465054;-0.00603293
20220921;0.636166;0.811821;0.582836;0.584166;0.643508;0.578976;0.191726;0.0781026;0.286638;0.266876;0.266877;0.26603;-0.104317;0.0641849;0.0565371;0.0515284;0.306235;0.238364;0.632286;0.493659;0.560657;0.61381;-0.00334187
20220922;0.687816;0.809176;0.599293;0.639731;0.699365;0.648875;-0.0729178;-0.191726;-0.0979553;0.114542;0.111311;0.111232;0.0971223;-0.00513479;0.122497;0.089083;0.0891871;-0.168785;0.0522986;0.393205;0.427291;0.514331;0.0777009
20220923;0.668172;0.796445;0.571665;0.693899;0.689746;0.670104;-0.207832;0.0729178;-0.102425;-0.0331239;0.174583;0.172442;0.467626;0.403081;0.301531;0.317904;0.285714;0.283366;0.086124;0.206389;0.604657;0.687343;0.042398
20220926;0.612184;0.789296;0.52885;0.653675;0.652685;0.60497;0.124655;0.207832;0.242035;0.0724417;0.136548;0.347522;0.26259;0.521181;0.541814;0.351092;0.402526;0.439133;0.543062;0.32379;0.501092;1;-0.0359924
20220927;0.645765;0.795221;0.534351;0.627899;0.639332;0.62457;0.000882515;-0.124655;0.0717071;0.12702;-0.0291122;0.0350159;-0.217626;0.0320924;0.335689;0.29607;0.221784;-0.0564206;0.287663;0.389497;0.314602;0.527384;0.0395435
20220928;0.646003;0.811282;0.537196;0.645053;0.65798;0.629214;0.100165;-0.000882515;-0.108226;0.0669659;0.126814;-0.0301046;-0.589928;-0.57638;-0.35689;-0.0375546;0.00868193;-0.0291782;-0.0643399;0.206733;0.402921;0.335586;0.0447413
20220929;0.672987;0.814759;0.534436;0.652575;0.667098;0.634793;-0.0966354;-0.100165;-0.0871136;-0.183662;-0.0146012;0.0453843;-0.127698;-0.512195;-0.612485;-0.326638;-0.0899763;0.0283085;-0.000653733;-0.0335012;0.241565;0.47688;-0.0235749
20220930;0.646954;0.820879;0.535404;0.688786;0.702159;0.571196;-0.0206288;0.0966354;-0.00304327;-0.00359066;-0.105453;0.0649386;-0.22482;-0.251605;-0.617197;-0.563319;-0.393844;-0.00993182;0.0138127;-0.00631634;-0.0425268;0.266618;-0.0181041
20221003;0.641397;0.833415;0.55856;0.651088;0.648715;0.644201;-0.0563707;0.0206288;0.101094;0.0139138;0.0132492;-0.0894043;-0.460432;-0.489089;-0.532391;-0.681223;-0.711129;-0.237494;-0.185976;-0.128132;-0.157079;-0.218448;-0.0498179
20221004;0.626211;0.843551;0.55978;0.643626;0.63739;0.629636;-0.0184225;0.0563707;0.0663814;0.141293;0.060027;0.0598454;-0.372302;-0.594352;-0.69258;-0.575546;-0.779006;-0.012513;-0.187916;-0.152002;-0.146536;-0.186971;-0.0144071
20221005;0.621248;0.839438;0.555255;0.628672;0.622066;0.611694;0.0420298;0.0184225;0.0644793;0.0776481;0.156918;0.0757617;0.151079;-0.157895;-0.446408;-0.440175;-0.453828;0.0464046;0.0254745;-0.119059;-0.135088;-0.132786;-0.0581211
20221006;0.632571;0.840515;0.552725;0.624391;0.63792;0.63042;-0.195367;-0.0420298;-0.0203519;0.0266607;0.0436233;0.123693;-0.0395683;0.0795892;-0.170789;-0.350218;-0.415154;0.0259518;0.0543863;0.0349942;-0.112387;-0.134476;-0.0133604
20221007;0.579941;0.829106;0.531969;0.632774;0.626037;0.588053;-0.344843;0.195367;0.132192;0.139767;0.18639;0.205093;0.419065;0.27086;0.347468;0.0768559;-0.132597;0.212889;0.179523;0.166801;0.172539;0.025262;-0.00197442
20221010;0.487043;0.82039;0.52437;0.490486;0.488264;0.413425;-0.0110314;0.344843;0.465716;0.405386;0.422082;0.472397;0.320144;0.527599;0.458186;0.4131;0.209945;0.0779396;0.2186;0.185241;0.229762;0.251393;-0.0348863
20221011;0.484071;0.819166;0.533257;0.487276;0.485911;0.481334;-0.0120243;0.0110314;0.3068;0.448564;0.416043;0.435016;0.044964;0.260591;0.513545;0.361572;0.393054;-0.0911539;-0.00993252;0.116762;0.142738;0.195016;0.0284615
20221012;0.480832;0.819459;0.533856;0.486086;0.482381;0.483415;-0.0105902;0.0120243;0.0198764;0.299372;0.460207;0.429741;-0.0107914;0.0243902;0.232038;0.375546;0.322021;-0.00614426;-0.0731337;-0.0113202;0.122433;0.157344;0.0148745
20221013;0.477979;0.817256;0.534827;0.480646;0.477822;0.480912;-0.013679;0.0105902;0.019496;0.0273788;0.309238;0.473124;0.0809353;0.0500642;0.0753828;0.211354;0.374901;-0.00995988;-0.0121046;-0.0627205;-0.0185478;0.1316;-0.0391775
20221014;0.474294;0.808589;0.533673;0.478713;0.474028;0.478379;0.0401544;0.013679;0.0209225;0.0295332;0.0386661;0.323329;0.318345;0.284981;0.254417;0.21048;0.330702;0.0118396;0.00141291;-0.00249372;-0.0603646;-0.0125304;0.022831
20221017;0.485111;0.811331;0.550597;0.475532;0.481793;0.481274;-0.0335356;-0.0401544;-0.0228245;-0.0129264;-0.00315457;0.00591178;-0.100719;0.155327;0.195524;0.139738;0.146014;-0.173582;-0.121573;-0.100405;-0.112511;-0.192844;0.00197836
20221018;0.476077;0.812555;0.555945;0.487454;0.484264;0.479766;0.0120243;0.0335356;-0.00570613;0.00574506;0.0144209;0.0244657;-0.044964;-0.103979;0.113074;0.123144;0.106551;-0.0548495;-0.1717;-0.126655;-0.143324;-0.166818;-0.00375278
20221019;0.479316;0.800069;0.541173;0.473629;0.475028;0.47464;-0.00595698;-0.0120243;0.0185449;-0.0151706;-0.00405588;0.00463847;0.458633;0.29525;0.204947;0.30655;0.312549;0.151502;0.0726487;-0.0449855;-0.0411778;-0.0538024;-0.0077992
20221020;0.477712;0.799383;0.55406;0.480705;0.47791;0.482932;0.0688362;0.00595698;-0.00523062;0.0223519;-0.010365;0.000818554;0.0251799;0.345315;0.287397;0.164192;0.288082;-0.132172;0.0145297;-0.0207701;-0.132284;-0.141415;-0.00429375
20221021;0.496256;0.808295;0.559038;0.475651;0.499912;0.479555;-0.0167678;-0.0688362;-0.0542083;-0.0609515;-0.033799;-0.0672124;-0.327338;-0.215661;0.102473;0.0541485;0.0047356;-0.0510619;-0.137727;-0.0185553;-0.0547736;-0.186508;0.00996727
20221024;0.491738;0.807952;0.564575;0.499168;0.496735;0.497015;0.0762272;0.0167678;-0.0448883;-0.0375224;-0.0474989;-0.0202819;0.0125899;-0.224647;-0.189635;0.0820961;0.0544594;-0.0567853;-0.0810628;-0.140354;-0.0559983;-0.102778;-0.00249854
20221025;0.512273;0.811527;0.58282;0.493519;0.513824;0.495205;-0.00441258;-0.0762272;-0.0512601;-0.104399;-0.0999549;-0.110778;-0.131295;-0.084724;-0.292108;-0.204367;0.0165746;-0.187134;-0.18334;-0.172494;-0.270229;-0.197611;-0.0300597
20221026;0.511085;0.816962;0.580065;0.515252;0.510089;0.508715;0.00540541;0.00441258;-0.0619116;-0.0447935;-0.101217;-0.097226;-0.19964;-0.2362;-0.208481;-0.313537;-0.272297;0.0282524;-0.119422;-0.126114;-0.16874;-0.285967;0.0034679
20221027;0.512541;0.815934;0.592118;0.512843;0.511736;0.516555;-0.0191947;-0.00540541;-0.00085592;-0.0628366;-0.0493916;-0.106594;0.0377698;-0.115533;-0.191991;-0.136245;-0.266772;-0.123615;-0.0716786;-0.165193;-0.214639;-0.279833;-0.045219
20221028;0.50737;0.807805;0.592955;0.511327;0.506942;0.510856;-0.00507446;0.0191947;0.0118878;0.0148115;-0.0474087;-0.0340155;0.298561;0.240051;0.0895171;0.00262009;0.00789266;-0.00858514;-0.0993674;-0.0607845;-0.184147;-0.249382;0.00305562
20221031;0.506003;0.801146;0.592657;0.507611;0.504441;0.510253;-0.003861;0.00507446;0.0209225;0.0153501;0.0190176;-0.0436562;0.244604;0.387677;0.380448;0.185153;0.109708;0.0030581;-0.00415437;-0.0755172;-0.0638256;-0.20648;-0.00379836
20221101;0.504963;0.807218;0.594774;0.508057;0.503824;0.511881;-0.0242692;0.003861;0.00770328;0.0228905;0.0185669;0.0223738;-0.223022;0.0154044;0.209658;0.173799;0.0694554;-0.0217153;-0.0140236;-0.0159303;-0.0954367;-0.087894;-0.0118601
20221102;0.498425;0.80188;0.594634;0.505381;0.501353;0.50389;0.0156646;0.0242692;0.0242511;0.0270197;0.0428121;0.0387449;0.196043;-0.0192555;0.142521;0.250655;0.243094;0.00143086;-0.0152467;-0.0100733;-0.0163291;-0.107122;0.00261473
20221103;0.502645;0.799383;0.589732;0.496789;0.499;0.502623;0.00783232;-0.0156646;0.00741797;0.0101436;0.0143308;0.0302865;0.0917266;0.205392;0.0424028;0.150218;0.266772;0.0502764;0.0388655;0.0175381;0.0209084;0.0175386;0.00394153
20221107;0.504755;0.819557;0.604192;0.508443;0.504706;0.511188;0.00132377;-0.00783232;-0.0202568;0.000628366;0.00378549;0.00800364;-0.741007;-0.463415;-0.29682;-0.328384;-0.189424;-0.148304;-0.073682;-0.0564861;-0.0748478;-0.0826243;-0.014391
20221108;0.505111;0.837087;0.60376;0.50556;0.505912;0.510132;-0.0316602;-0.00132377;-0.00789349;-0.0201975;-0.000450653;0.00272851;-0.643885;-0.988447;-0.846879;-0.532751;-0.579321;0.00443285;-0.10814;-0.0547307;-0.0583057;-0.0816388;-0.0265346
20221109;0.496582;0.832631;0.592643;0.504935;0.500971;0.501025;0.0198566;0.0316602;0.0261531;0.0183124;0.0055881;0.025648;0.163669;-0.342747;-0.799764;-0.548472;-0.409629;0.11402;0.0890342;-0.0174561;0.0129213;0.0156681;-0.023094
20221110;0.501932;0.85545;0.604531;0.497978;0.500559;0.504131;0.0105902;-0.0198566;0.0101759;0.00852783;0.00216314;-0.0107322;-0.838129;-0.481386;-0.863369;-1;-0.863457;-0.121931;-0.00594686;-0.00203435;-0.0960224;-0.072769;-0.042616
20221111;0.504785;0.861424;0.606561;0.5033;0.501794;0.505126;-0.00286817;-0.0105902;-0.0262482;0.000987433;-9.01307e-05;-0.00654843;-0.219424;-0.754814;-0.585395;-0.746725;-1;-0.0208176;-0.107296;-0.0167998;-0.0153707;-0.123735;-0.00883524
20221114;0.504012;0.863676;0.614036;0.507878;0.505677;0.502111;-0.0369553;0.00286817;-0.00665716;-0.0224417;0.00333484;0.00227376;-0.0827338;-0.215661;-0.746761;-0.474236;-0.711129;-0.076677;-0.0732813;-0.128312;-0.0666832;-0.0723868;-0.0411149
20221115;0.494056;0.865047;0.608153;0.508681;0.503853;0.487878;0.0276889;0.0369553;0.0343319;0.0237882;0.00766111;0.0338336;-0.0503597;-0.0949936;-0.23086;-0.578166;-0.450671;0.0603485;-0.0122733;-0.0217217;-0.100637;-0.0323015;-0.0216218
20221116;0.501516;0.864411;0.609228;0.495749;0.497529;0.502443;0.00253723;-0.0276889;0.00798859;0.00987433;0.00126183;-0.0150978;0.0233813;-0.0192555;-0.0718492;-0.159825;-0.512234;-0.011026;0.037073;-0.0159959;-0.0304751;-0.121945;-0.0181467
20221117;0.502199;0.857751;0.605327;0.501873;0.499441;0.506634;-0.00220629;-0.00253723;-0.026058;0.00547576;0.00784137;-0.000818554;0.244604;0.191271;0.142521;0.0655022;-0.0370955;0.0400079;0.0217841;0.052237;0.00800483;-0.00585289;0.00287036
20221118;0.501605;0.854226;0.603519;0.503032;0.497823;0.505126;-0.00728075;0.00220629;-0.000285307;-0.0228007;0.00730059;0.0097317;0.129496;0.267009;0.260306;0.168559;0.116022;0.018545;0.044011;0.0277919;0.0682452;0.0223657;0.0012865
20221121;0.499643;0.850162;0.592574;0.501249;0.496117;0.503588;-0.000551572;0.00728075;0.00817879;0.0056553;-0.0169446;0.0133697;0.149281;0.198973;0.342756;0.265502;0.217837;0.112252;0.0983129;0.0998802;0.101081;0.157807;0.0117201
20221122;0.499495;0.850015;0.600707;0.499138;0.495617;0.504945;0.0118036;0.000551572;0.00675226;0.00816876;0.00612889;-0.0166439;0.00539568;0.110398;0.186101;0.256769;0.242305;-0.0834105;0.0216786;0.0277099;0.0552883;0.0547477;0.000609239
20221123;0.502675;0.855989;0.605042;0.500208;0.501794;0.505096;-0.00209597;-0.0118036;-0.00970043;-0.0032316;-0.00144209;-0.00354707;-0.219424;-0.15276;-0.0424028;0.031441;0.135754;-0.0444688;-0.0961198;-0.00913819;0.0018459;0.0307729;0.00554825
20221124;0.50211;0.857115;0.604785;0.503657;0.502588;0.508413;0.000772201;0.00209597;-0.008369;-0.00745063;-0.00153222;0.000272851;-0.0413669;-0.186136;-0.167256;-0.0515284;0.0102605;0.00263726;-0.0314424;-0.0732368;-0.00821782;0.00398238;-0.00725278
20221125;0.502318;0.854716;0.600469;0.503032;0.498647;0.506905;-0.0102592;-0.000772201;0.00114123;-0.00852783;-0.00811176;-0.00218281;0.0881295;0.0333761;-0.113074;-0.0812227;-0.00789266;0.0442724;0.0352594;0.00142733;-0.0512238;0.022426;-0.0174353
20221128;0.499554;0.848546;0.595622;0.499316;0.496117;0.505157;0;0.0102592;0.00817879;0.00942549;-0.000180261;0.000272851;0.226619;0.224647;0.179034;0.0262009;0.0260458;0.0497152;0.0706453;0.0565026;0.0329955;-0.0224059;0.00475358
20221129;0.499554;0.851729;0.597774;0.501159;0.497088;0.506363;-0.00441258;0;0.00884451;0.00771993;0.00946372;-0.000181901;-0.116906;0.0783055;0.129564;0.0759825;-0.0276243;-0.0220801;0.0207718;0.0420488;0.0471593;0.0215612;-0.00161054
20221130;0.498366;0.8602;0.594823;0.499405;0.494706;0.505398;-0.00794264;0.00441258;0.00380409;0.011939;0.0113565;0.0131878;-0.311151;-0.30552;-0.13192;-0.0550218;-0.0678769;0.0302724;0.00615774;0.0338622;0.0646421;0.0751423;-0.00104326
20221201;0.496226;0.875477;0.598313;0.499465;0.496382;0.501508;-0.0123552;0.00794264;0.0106515;0.0100539;0.0184768;0.0180082;-0.561151;-0.622593;-0.647821;-0.370306;-0.295975;-0.0357995;-0.00415437;-0.0161436;0.0139863;0.0475874;-0.0242047
20221202;0.492897;0.873959;0.59644;0.496492;0.491764;0.495085;-0.00915609;0.0123552;0.0174988;0.0201077;0.0201893;0.0288313;0.0557554;-0.360719;-0.534747;-0.453275;-0.310182;0.0192184;-0.0124631;0.00800617;-0.00530697;0.0296265;-0.0135015
20221205;0.490431;0.863089;0.604055;0.49227;0.491794;0.496291;-0.00805295;0.00915609;0.0185449;0.0239677;0.0276701;0.0279218;0.399281;0.324775;-0.0694935;-0.20262;-0.234412;-0.0781079;-0.044264;-0.0553705;-0.0407519;-0.0620085;-0.0096998
20221206;0.488262;0.862893;0.600762;0.490635;0.487323;0.491888;-0.00661886;0.00805295;0.0148359;0.0240575;0.0306444;0.0345612;0.00719424;0.290116;0.302709;-0.0480349;-0.179953;0.0337794;-0.0333193;-0.0146834;-0.0385332;-0.0219634;-0.00546174
20221207;0.486478;0.869552;0.599842;0.488405;0.483352;0.490622;-0.00772201;0.00661886;0.0126486;0.0193896;0.0295629;0.0363802;-0.244604;-0.169448;0.106007;0.105677;-0.15075;0.00942682;0.0324757;-0.0204092;-0.00992173;-0.0369074;-0.0153699
20221208;0.484398;0.872539;0.597531;0.486592;0.482352;0.490652;-0.00275786;0.00772201;0.0123633;0.0182226;0.0257774;0.0361983;-0.109712;-0.252888;-0.227326;0.0253275;0.047356;0.0237073;0.0249051;0.0391285;-0.00708188;0.00575233;-0.010649
20221209;0.483655;0.876408;0.595731;0.4846;0.480852;0.489717;0.0015444;0.00275786;0.00903471;0.0139138;0.0205498;0.0282856;-0.142086;-0.179718;-0.325088;-0.237555;-0.0394633;0.0184608;0.0316955;0.0301708;0.0540104;0.00520928;0.000617655
20221212;0.484071;0.869161;0.594448;0.485313;0.481822;0.488059;-0.00540541;-0.0015444;0.00104612;0.0072711;0.0127084;0.0194634;0.266187;0.0885751;0.00942285;-0.11179;-0.097869;0.0131583;0.0237663;0.0323528;0.0409648;0.070637;-0.00123845
20221213;0.482615;0.883557;0.594782;0.48454;0.480734;0.488511;-0.0183122;0.00540541;0.00332858;0.005386;0.011717;0.0172806;-0.528777;-0.18742;-0.265018;-0.249782;-0.33307;-0.00342283;0.00731759;0.0164881;0.0328358;0.0439671;-0.0153554
20221214;0.477682;0.88292;0.590796;0.482251;0.47794;0.483234;-0.00474352;0.0183122;0.020447;0.0180431;0.0203695;0.0269213;0.0233813;-0.360719;-0.156655;-0.185153;-0.21547;0.0408776;0.0281527;0.0295966;0.0436982;0.0665138;-0.00866543
20221215;0.476404;0.872686;0.581767;0.477911;0.474293;0.475605;-0.000772201;0.00474352;0.0198764;0.0231598;0.0219919;0.0244657;0.375899;0.284981;-0.0848057;0.0663755;-0.0023678;0.0926129;0.100337;0.0760586;0.090609;0.115911;-0.00360752
20221216;0.476196;0.876995;0.583394;0.476573;0.47791;0.482329;-0.0290127;0.000772201;0.00475511;0.0193896;0.0238846;0.0228286;-0.158273;0.155327;0.157833;-0.139738;-0.00947119;-0.0166933;0.0570645;0.0682985;0.071724;0.0907098;0.00302091
20221219;0.46838;0.875575;0.582637;0.475413;0.470969;0.473433;0.0146718;0.0290127;0.0256776;0.0280969;0.0431726;0.0480218;0.0521583;-0.0757381;0.176678;0.142358;-0.103394;0.00777151;-0.00670603;0.0489393;0.0788058;0.0868481;-0.00145874
20221220;0.472333;0.888356;0.579734;0.468189;0.468998;0.474579;-0.0148924;-0.0146718;0.0123633;0.012298;0.0162235;0.0314688;-0.469424;-0.297818;-0.376914;-0.0969432;-0.0773481;0.0297674;0.0282159;0.0121897;0.0717772;0.110642;-0.0100634
20221221;0.468321;0.884242;0.578848;0.474016;0.470616;0.471926;0.00397132;0.0148924;0.000190204;0.0237882;0.0245155;0.0286494;0.151079;-0.227214;-0.174323;-0.206114;-0.0213102;0.00909014;0.0292071;0.0272669;0.0189383;0.0878537;-0.00501115
20221222;0.469391;0.875477;0.580703;0.468843;0.467675;0.473795;0.0324324;-0.00397132;0.00941512;-0.00305206;0.0206399;0.0214643;0.321942;0.337612;0.00235571;0.0270742;-0.0449882;-0.019022;-0.0074652;0.0115991;0.0174651;0.00782397;-0.0064579
20221223;0.478128;0.873813;0.581006;0.469616;0.477969;0.474097;0.0135687;-0.0324324;-0.0313837;-0.0175045;-0.0295629;-0.00591178;0.0611511;0.273427;0.349823;0.031441;0.0513023;-0.00311422;-0.0166385;-0.00762883;0.0105784;0.0175587;0.0141237
20221226;0.481783;0.873078;0.585161;0.480854;0.479734;0.484892;0.0215113;-0.0135687;-0.0396576;-0.0406643;-0.0286616;-0.0410186;0.0269784;0.0629012;0.268551;0.272489;0.0402526;-0.0426171;-0.0343737;-0.0378652;-0.0352141;-0.0185643;-0.00883504
20221227;0.487578;0.879933;0.588365;0.482875;0.485264;0.488451;-0.0248207;-0.0215113;-0.0302425;-0.0549372;-0.0584047;-0.0466576;-0.251799;-0.160462;-0.107185;0.0768559;0.135754;-0.0328536;-0.0567271;-0.0459534;-0.061749;-0.0634566;-0.00590615
20221228;0.480892;0.868328;0.585315;0.488227;0.484705;0.487938;0.0120243;0.0248207;0.00285307;-0.00834829;-0.0348806;-0.038472;0.426259;0.124519;0.13192;0.127511;0.256511;0.0312824;-0.00118094;-0.0258396;-0.0299249;-0.0475472;0.00554814
20221229;0.484131;0.873862;0.587309;0.481032;0.480558;0.487727;-0.003861;-0.0120243;0.0110319;-0.00709156;-0.0182064;-0.0451114;-0.203237;0.159178;-0.0188457;-0.000873362;0.0260458;-0.0204528;0.00814003;-0.0128788;-0.0408938;-0.048573;-0.0130799
20221230;0.483091;0.883851;0.58924;0.484332;0.482381;0.487908;0.0105902;0.003861;-0.00703757;0.0135548;-0.00396575;-0.0151887;-0.366906;-0.406932;-0.0942285;-0.19214;-0.1618;-0.0198075;-0.0302615;-0.00524995;-0.0264639;-0.0605402;-0.00220787
20230103;0.485944;0.886348;0.594317;0.484659;0.48344;0.489506;-0.0111418;-0.0105902;-0.00580124;-0.0152603;0.00495719;-0.0127331;-0.0917266;-0.327343;-0.433451;-0.11441;-0.213891;-0.0520719;-0.0540278;-0.0539924;-0.038622;-0.0673183;-0.0211073
20230104;0.482942;0.892371;0.593152;0.485967;0.480793;0.488692;-0.0144512;0.0111418;0.000475511;0.00359066;-0.00621902;0.0141883;-0.221223;-0.223363;-0.44523;-0.428821;-0.200474;0.0119519;-0.0301561;-0.0350434;-0.0508511;-0.0351978;-0.0105234
20230105;0.479049;0.886152;0.589938;0.483143;0.478999;0.484621;0.0099283;0.0144512;0.0220637;0.0122083;0.0154123;0.00563893;0.228417;0.00513479;-0.0553592;-0.219214;-0.287293;0.0329658;0.0337621;-0.00418355;-0.0170569;-0.033991;-0.0151385
20230106;0.481724;0.895015;0.589861;0.479248;0.478234;0.485797;0.00672918;-0.0099283;0.00389919;0.0127469;0.00414601;0.00736698;-0.32554;-0.0693196;-0.208481;-0.199127;-0.340963;0.000785568;0.025369;0.0267255;-0.00402904;-0.0187655;-0.0143184
20230109;0.483536;0.898981;0.591806;0.48454;0.480881;0.488149;-0.00672918;-0.00672918;-0.0143604;-0.00179533;0.00730059;-0.00136426;-0.145683;-0.336329;-0.159011;-0.225328;-0.243883;-0.0199478;-0.0144032;0.00807179;0.0162936;-0.018866;-0.00443264
20230110;0.481724;0.902262;0.590714;0.483767;0.479381;0.486822;0.0411473;0.00672918;0;-0.00807899;0.00369536;0.012915;-0.120504;-0.189987;-0.387515;-0.176419;-0.256511;0.0111943;-0.0065795;-0.00465933;0.0158144;0.0264889;-0.016353
20230111;0.492808;0.903927;0.598229;0.481894;0.491764;0.487606;-0.0183122;-0.0411473;-0.0296719;-0.0334829;-0.0417305;-0.0301955;-0.0611511;-0.129653;-0.21437;-0.317031;-0.186267;-0.0770698;-0.049515;-0.0501862;-0.0537974;-0.0373298;-0.00638064
20230112;0.487875;0.907551;0.597941;0.492657;0.487646;0.493788;0.00430226;0.0183122;-0.0196862;-0.0131059;-0.0186571;-0.0270123;-0.133094;-0.138639;-0.206125;-0.223581;-0.344909;0.00294588;-0.0557149;-0.0367988;-0.0524307;-0.0588507;-0.0140265
20230113;0.489034;0.918568;0.601774;0.488465;0.48747;0.493034;0.013679;-0.00430226;0.012078;-0.0220826;-0.0166742;-0.0223738;-0.404676;-0.383825;-0.392226;-0.349345;-0.379637;-0.0393065;-0.0273302;-0.0663298;-0.0646776;-0.0875923;-0.0279154
20230116;0.492719;0.927921;0.608601;0.490843;0.490617;0.497256;-0.0382791;-0.013679;-0.0155017;0.0002693;-0.0333484;-0.0281037;-0.343525;-0.534018;-0.57715;-0.457642;-0.466456;-0.0700278;-0.0821805;-0.0622119;-0.116061;-0.123494;-0.0184664
20230117;0.482407;0.925473;0.600926;0.492984;0.488029;0.488511;-0.00165472;0.0382791;0.0212078;0.0165171;0.0315457;-0.00209186;0.0899281;-0.181001;-0.431095;-0.384279;-0.374112;0.0787251;0.00653733;-0.017899;-0.0175006;-0.075082;-0.019892
20230118;0.481961;0.929145;0.600767;0.483203;0.482264;0.484923;-0.0182019;0.00165472;0.034427;0.0213645;0.017936;0.0331969;-0.134892;-0.0320924;-0.254417;-0.385153;-0.406472;0.00162725;0.0603965;0.00603744;-0.0183348;-0.0186649;-0.0224094
20230119;0.477058;0.942317;0.593264;0.481567;0.47794;0.48251;-0.0185328;0.0182019;0.0171184;0.047307;0.0363227;0.033106;-0.483813;-0.441592;-0.34629;-0.423581;-0.560379;0.0769576;0.0590679;0.0919889;0.0552173;0.0343933;-0.011745
20230120;0.472065;0.944031;0.592678;0.477465;0.474881;0.478107;0.013348;0.0185328;0.031669;0.0312388;0.0626408;0.0519327;-0.0629496;-0.390244;-0.446408;-0.287336;-0.410418;0.00600398;0.0623577;0.0494643;0.103317;0.0668758;-0.0185686
20230123;0.475661;0.942856;0.597772;0.472411;0.472057;0.477052;-0.0240485;-0.013348;0.00446981;0.0190305;0.0204597;0.0522055;0.0431655;-0.0141207;-0.3298;-0.310044;-0.240726;-0.0522403;-0.0347533;0.0179647;0.0204647;0.0796275;-0.00478214
20230124;0.469183;0.947801;0.594336;0.476335;0.473057;0.47476;0.0122449;0.0240485;0.00922492;0.0237882;0.0387562;0.0404729;-0.181655;-0.0988447;-0.13192;-0.332751;-0.359905;0.0352383;-0.0127794;-0.00643118;0.041728;0.0484523;-0.00778424
20230125;0.472481;0.95118;0.593625;0.469438;0.468057;0.472559;-0.0155543;-0.0122449;0.0101759;-0.00125673;0.0138801;0.0290132;-0.124101;-0.218228;-0.171967;-0.158079;-0.35517;0.00729456;0.0319696;-0.0056765;-0.00234288;0.0525151;-0.0249448
20230126;0.468291;0.947312;0.592741;0.473124;0.468939;0.473825;0.0165472;0.0155543;0.00285307;0.0222621;0.0114466;0.0268304;0.142086;0.012837;-0.107185;-0.0585153;-0.0805051;0.00906209;0.0122944;0.0301708;-0.000408228;0.00384159;-0.00272207
20230127;0.472749;0.946332;0.598877;0.468516;0.468645;0.473162;-0.00739106;-0.0165472;-0.00085592;-0.010772;0.00883281;-0.00209186;0.0359712;0.127086;0.0353357;-0.0620087;-0.0370955;-0.0629296;-0.0404892;-0.0272341;-0.00717062;-0.0455761;-0.00362043
20230130;0.470758;0.944374;0.602996;0.472975;0.469645;0.475544;-0.00341975;0.00739106;-0.00789349;0.00520646;-0.00477693;0.0150068;0.0719424;0.0770218;0.163722;0.0611354;-0.0244672;-0.0422523;-0.0790595;-0.0562072;-0.0561935;-0.0384159;-0.000361158
20230131;0.469837;0.946185;0.608793;0.470954;0.470616;0.476449;0.000220629;0.00341975;0.00932002;-0.00466786;0.00802163;-0.00200091;-0.0665468;0.00385109;0.0270907;0.089083;0.0260458;-0.0594507;-0.0764445;-0.0962709;-0.0984186;-0.106297;-0.0170839
20230201;0.469896;0.955979;0.610037;0.470746;0.466675;0.475062;-0.000220629;-0.000220629;0.00275796;0.00861759;-0.00486706;0.00791269;-0.359712;-0.304236;-0.232038;-0.154585;-0.0773481;-0.0127655;-0.0542809;-0.0669368;-0.112227;-0.120678;-0.013302
20230202;0.469837;0.941485;0.6137;0.470775;0.466469;0.474368;0.0305571;0.000220629;0;0.00278276;0.00883281;-0.00472942;0.532374;0.123235;0.0694935;0.0864629;0.0939227;-0.037567;-0.0378321;-0.064197;-0.0961822;-0.154106;-0.00580553
20230203;0.478068;0.922192;0.615002;0.469883;0.482264;0.47271;-0.00805295;-0.0305571;-0.0261531;-0.0248654;-0.0221721;-0.0162801;0.708633;0.885751;0.57715;0.395633;0.389108;-0.0133547;-0.038275;-0.0372418;-0.0779006;-0.118566;0.0134299
20230206;0.475899;0.919548;0.621586;0.477762;0.475793;0.479193;-0.00297849;0.00805295;-0.0194009;-0.0181329;-0.0183867;-0.0157344;0.0971223;0.575096;0.876325;0.475109;0.400158;-0.0675308;-0.0607971;-0.0692665;-0.0830124;-0.136688;0.0115174
20230207;0.475097;0.92229;0.620306;0.477078;0.474587;0.481002;-0.0186431;0.00297849;0.00951022;-0.0158887;-0.0157729;-0.0160982;-0.100719;-0.00256739;0.46172;0.600873;0.385162;0.0131302;-0.0408899;-0.0396207;-0.06663;-0.0846558;-0.00374063
20230208;0.470074;0.923906;0.616006;0.475889;0.471851;0.475906;0.0111418;0.0186431;0.01864;0.0241472;-0.000721046;-0.000545703;-0.0593525;-0.114249;-0.041225;0.313537;0.516969;0.044104;0.0430198;-0.00602103;-0.0149625;-0.0438866;0.00332607
20230209;0.473076;0.916316;0.618873;0.471221;0.47191;0.475243;-0.00562603;-0.0111418;0.00646695;0.00852783;0.015142;-0.0099136;0.278777;0.156611;0.0777385;0.104803;0.405683;-0.0294027;0.0110502;0.0162748;-0.0251149;-0.0380337;0.0035573
20230210;0.47156;0.917638;0.618635;0.472856;0.469028;0.477414;-0.00739106;0.00562603;-0.00475511;0.0106822;0.0131591;0.0199181;-0.0485612;0.164313;0.111896;0.0340611;0.0734017;0.00244087;-0.0202657;0.0100241;0.0191512;-0.0267101;0.0085073
20230213;0.469569;0.91372;0.619371;0.474046;0.469057;0.476449;-0.0164368;0.00739106;0.0112221;0.00152603;0.0167643;0.0193724;0.143885;0.0680359;0.244994;0.152838;0.0939227;-0.00754706;-0.00383804;-0.0201795;0.00607018;0.0162916;-0.00415831
20230214;0.465141;0.91705;0.610606;0.469675;0.465027;0.467794;-0.0378378;0.0164368;0.0205421;0.0239677;0.0149617;0.0304684;-0.122302;0.0154044;-0.0176678;0.122271;0.0844515;0.0898914;0.0618937;0.0495792;0.0350367;0.0713208;-0.00540909
20230215;0.454948;0.907257;0.592615;0.463967;0.459056;0.454134;0.00518478;0.0378378;0.0467903;0.0501795;0.0549797;0.0462938;0.359712;0.169448;0.249706;0.161572;0.26835;0.184524;0.206263;0.156055;0.170373;0.171987;0.00835659
20230216;0.456345;0.907012;0.589196;0.457962;0.454438;0.45721;0.000661886;-0.00518478;0.0281503;0.0399461;0.0461469;0.0512051;0.00899281;0.263158;0.161366;0.18952;0.149961;0.03507;0.165057;0.180976;0.191015;0.218206;0.00620086
20230217;0.456523;0.909607;0.593277;0.456029;0.456144;0.460859;-0.00419195;-0.000661886;-0.00504042;0.0260323;0.0395674;0.0460209;-0.0953237;-0.0616175;0.179034;0.0733624;0.12944;-0.0418596;-0.00510333;0.103933;0.169308;0.186448;0.0221866
20230220;0.455394;0.909167;0.597296;0.456743;0.45385;0.45721;0.0190844;0.00419195;0.00304327;-0.0013465;0.0295629;0.0433834;0.0161871;-0.0564827;-0.0459364;0.140611;0.0734017;-0.0412143;-0.062442;-0.0280708;0.0863669;0.162312;-0.00259885
20230221;0.460535;0.907306;0.605187;0.456713;0.460115;0.463241;0.00375069;-0.0190844;-0.0128388;-0.0126571;-0.0169446;0.0140973;0.0683453;0.0603338;-0.00706714;-0.000873362;0.157064;-0.0809416;-0.0918178;-0.09591;-0.0815747;0.0398439;-0.00691036
20230222;0.461545;0.901626;0.605182;0.46037;0.460027;0.462879;-0.0120243;-0.00375069;-0.0196862;-0.0151706;-0.0157729;-0.020191;0.208633;0.197689;0.191991;0.0960699;0.0907656;5.6112e-05;-0.0607971;-0.0713993;-0.103726;-0.0923993;-0.00530003
20230224;0.458306;0.895505;0.603987;0.462362;0.461733;0.463543;0.0233867;0.0120243;0.00713267;-0.00879713;-0.00540784;-0.00600273;0.22482;0.309371;0.328622;0.251528;0.185478;0.0122605;0.0092577;-0.0401293;-0.0694876;-0.108751;-0.00670429
20230227;0.464606;0.897855;0.613033;0.457545;0.462674;0.462879;0.0145615;-0.0233867;-0.00979553;-0.012298;-0.0279405;-0.0247385;-0.0863309;0.0988447;0.227326;0.201747;0.189424;-0.0927812;-0.060523;-0.0470526;-0.10211;-0.145256;-0.000409753
20230228;0.468529;0.903633;0.616331;0.465008;0.464998;0.469091;0.075455;-0.0145615;-0.0327152;-0.0210952;-0.0242452;-0.0402001;-0.21223;-0.213094;-0.0482921;0.0655022;0.0891871;-0.0338355;-0.0951708;-0.0668712;-0.0723097;-0.139967;0.00177991
20230301;0.488856;0.906669;0.623578;0.469735;0.484028;0.476419;-0.0397132;-0.075455;-0.0776034;-0.0922801;-0.0828301;-0.0866758;-0.111511;-0.231065;-0.268551;-0.0899563;0.0102605;-0.0743203;-0.0812948;-0.1175;-0.119362;-0.13522;-0.0113644
20230302;0.478158;0.90569;0.616643;0.488019;0.483381;0.480972;0.0151131;0.0397132;-0.0308131;-0.0409336;-0.0602073;-0.0508413;0.0359712;-0.0539153;-0.188457;-0.181659;-0.0655091;0.071122;-0.00240405;-0.021656;-0.0821249;-0.0842736;-0.00964838
20230303;0.482229;0.914455;0.62154;0.479248;0.480322;0.485194;0.011914;-0.0151131;0.0212078;-0.0413824;-0.0534475;-0.0732151;-0.321942;-0.204108;-0.260306;-0.29607;-0.305446;-0.0502202;0.0157107;-0.0312372;-0.0551996;-0.129065;-0.0240066
20230306;0.485438;0.910146;0.627536;0.485194;0.483264;0.490079;-0.00860452;-0.011914;-0.0233;0.0103232;-0.0512844;-0.0637563;0.158273;-0.116816;-0.0836278;-0.116157;-0.198106;-0.0614988;-0.083973;-0.0237396;-0.0727002;-0.106639;0.00670685
20230307;0.48312;0.897121;0.627941;0.48683;0.48194;0.488511;-0.0150028;0.00860452;-0.00285307;-0.014991;0.0173952;-0.0446567;0.478417;0.454429;0.206125;0.170306;0.104972;-0.00415229;-0.0493463;-0.0677571;-0.0283098;-0.0853597;-0.00728559
20230309;0.479079;0.900548;0.626447;0.482281;0.479969;0.485857;-0.0129068;0.0150028;0.0203519;0.00951526;-0.00279405;0.0299227;-0.125899;0.251605;0.334511;0.0917031;0.0986582;0.0153186;0.00839308;-0.0294325;-0.0636126;-0.0210986;-0.00705512
20230310;0.475602;0.914798;0.622648;0.477167;0.47441;0.481002;-0.0111418;0.0129068;0.0240609;0.0297127;0.0200991;0.00782174;-0.523381;-0.463415;-0.111896;-0.00611354;-0.146803;0.0389698;0.0408056;0.0293177;-0.00718837;-0.0441481;-0.0146972
20230313;0.4726;0.938694;0.620793;0.476721;0.475381;0.477354;0.0217319;0.0111418;0.0207323;0.0317774;0.0389365;0.0294679;-0.877698;-1;-1;-0.50917;-0.390687;0.019022;0.0435892;0.0428691;0.0437514;0.00549086;-0.0251271
20230314;0.478455;0.932622;0.626496;0.472381;0.474734;0.478107;-0.0145615;-0.0217319;-0.00912981;0.0018851;0.0141505;0.0213734;0.223022;-0.467266;-0.771496;-0.633188;-0.362273;-0.0584968;-0.029671;-0.00029531;0.00937151;0.00764295;-0.00863612
20230315;0.474532;0.940309;0.618769;0.48014;0.47791;0.4766;0.000330943;0.0145615;-0.00618165;0.0032316;0.01379;0.0262847;-0.282374;-0.042362;-0.613663;-0.70917;-0.696133;0.0792582;0.0156052;0.0232638;0.0498216;0.067439;-0.0172434
20230316;0.474621;0.942562;0.617716;0.475116;0.473057;0.477957;0.0394926;-0.000330943;0.0122682;-0.00610413;0.00297431;0.0136426;-0.0827338;-0.260591;-0.0930506;-0.495197;-0.67719;0.0108016;0.067693;0.0184568;0.0320016;0.0642008;-0.0237605
20230317;0.48526;0.969787;0.635375;0.476246;0.483587;0.482028;0.1369;-0.0394926;-0.0343319;-0.0205566;-0.0383957;-0.0295589;-1;-0.772786;-0.893993;-0.554585;-0.886346;-0.18113;-0.128026;-0.0532541;-0.0946203;-0.093586;-0.0359699
20230320;0.52214;0.973705;0.655721;0.488584;0.520207;0.494964;-0.0568119;-0.1369;-0.152068;-0.143806;-0.132492;-0.151614;-0.143885;-0.816431;-0.803298;-0.732751;-0.564325;-0.208681;-0.292999;-0.22163;-0.189631;-0.256823;-0.00472467
20230321;0.506835;0.95926;0.655992;0.523249;0.521354;0.508594;-0.0201875;0.0568119;-0.0690442;-0.097307;-0.0979721;-0.0868577;0.530576;0.275995;-0.401649;-0.337991;-0.429361;-0.00277754;-0.158941;-0.22957;-0.241529;-0.216879;-0.0343001
20230322;0.501397;0.97062;0.654824;0.505411;0.504088;0.505699;0.00132377;0.0201875;0.0663814;-0.0487433;-0.0812078;-0.0822192;-0.417266;0.0808729;-0.0200236;-0.500437;-0.488556;0.0119799;0.00691691;-0.116647;-0.240784;-0.26511;-0.0485063
20230323;0.501753;0.980903;0.653311;0.501605;0.499176;0.506061;0.00209597;-0.00132377;0.0162625;0.0615799;-0.0500225;-0.0830377;-0.377698;-0.567394;-0.173145;-0.198253;-0.617995;0.015515;0.0206664;0.0144538;-0.116381;-0.261731;-0.00866544
20230324;0.502318;0.972725;0.654181;0.502795;0.498529;0.506634;0.0364038;-0.00209597;-0.00294817;0.0136445;0.0601172;-0.0522055;0.30036;-0.055199;-0.32391;0.0174672;-0.047356;-0.00892181;0.00495571;0.0108608;0.00999272;-0.138277;-0.0148915
20230327;0.512125;0.967388;0.667626;0.505887;0.509589;0.511851;-0.0138996;-0.0364038;-0.0331907;-0.0324057;-0.0160433;0.0306503;0.196043;0.3543;0.0777385;-0.144978;0.101815;-0.137895;-0.110354;-0.0767805;-0.0754868;-0.0875319;0.00854173
20230328;0.50838;0.974831;0.668039;0.514033;0.508618;0.509921;-0.00132377;0.0138996;-0.0194009;-0.020018;-0.0211807;-0.00472942;-0.273381;-0.055199;0.146054;-0.0751092;-0.250987;-0.00423646;-0.106833;-0.0883304;-0.0857457;-0.0885778;-0.00816764
20230329;0.508024;0.970718;0.673149;0.510078;0.507383;0.510856;0.00838389;0.00132377;0.0131241;-0.0172352;-0.0190176;-0.0202819;0.151079;-0.0872914;0.0482921;0.181659;-0.00157853;-0.0524086;-0.042577;-0.11376;-0.128716;-0.134737;-0.0242028
20230330;0.510282;0.97679;0.674533;0.50767;0.505324;0.512695;-0.0207391;-0.00838389;-0.00608654;0.00556553;-0.024155;-0.0261028;-0.223022;-0.0513479;-0.226148;-0.0724891;0.0662983;-0.0141963;-0.0500633;-0.0414254;-0.132053;-0.156037;-0.00784679
20230331;0.504695;0.975321;0.670359;0.511357;0.508;0.507026;0.00606729;0.0207391;0.0106515;0.0111311;0.0225327;-0.00727603;0.0539568;-0.120668;-0.0117786;-0.141485;-0.0418311;0.0428135;0.0215099;-0.0139124;-0.0177313;-0.118948;-0.00397905
20230403;0.50633;0.980462;0.676554;0.508324;0.504441;0.509619;0.0239382;-0.00606729;0.0126486;0.0051167;0.00621902;0.0177353;-0.188849;-0.0962773;-0.234393;-0.100437;-0.210734;-0.0635468;-0.0155841;-0.0204256;-0.0552528;-0.0656489;-0.0199157
20230404;0.512779;0.993879;0.678505;0.508354;0.517678;0.513057;0.0144512;-0.0239382;-0.0258678;-0.00754039;-0.0144209;-0.0134607;-0.492806;-0.486521;-0.411072;-0.4131;-0.307024;-0.0200039;-0.0628005;-0.0238216;-0.0347527;-0.0769525;-0.00382449
20230405;0.516672;0.994222;0.684071;0.512992;0.513207;0.514384;-0.0249311;-0.0144512;-0.0330956;-0.0361759;-0.0193781;-0.0264666;-0.0125899;-0.360719;-0.454653;-0.310917;-0.378848;-0.057094;-0.0579502;-0.0822437;-0.061891;-0.0803113;-0.0217705
20230406;0.509955;0.986093;0.683387;0.517362;0.514736;0.516555;0.0164368;0.0249311;0.00903471;-0.0109515;-0.0159531;0.00100045;0.298561;0.204108;-0.135453;-0.19214;-0.149961;0.007014;-0.0376423;-0.0409824;-0.0845388;-0.0651059;-0.0138862
20230407;0.514383;0.984184;0.686147;0.5099;0.509383;0.516525;0.0159956;-0.0164368;0.00732287;-0.0048474;-0.0244254;-0.0296498;0.0701439;0.263158;0.233216;-0.0663755;-0.142857;-0.0283085;-0.0160059;-0.0458386;-0.062246;-0.116092;-0.00390963
20230410;0.518692;0.9834;0.696804;0.516054;0.515324;0.522375;0.029123;-0.0159956;-0.0279601;-0.00610413;-0.017936;-0.0378354;0.028777;0.0706033;0.260306;0.1869;-0.047356;-0.109306;-0.103437;-0.0763703;-0.118741;-0.148897;-0.00607598
20230411;0.526538;0.989276;0.693068;0.521614;0.536796;0.528316;0.0173194;-0.029123;-0.0388968;-0.0500898;-0.0299234;-0.0421101;-0.215827;-0.133504;-0.0765607;0.0882096;0.074191;0.0383245;-0.053353;-0.0580611;-0.0583767;-0.107082;-0.00621727
20230412;0.531204;0.992263;0.694375;0.530087;0.528796;0.529371;-0.000220629;-0.0173194;-0.040038;-0.0508079;-0.0644434;-0.0444748;-0.109712;-0.232349;-0.194346;-0.110044;0.0315706;-0.0134108;0.0187263;-0.0493495;-0.071298;-0.0757658;-0.00989486
20230413;0.531144;1;0.695965;0.532465;0.531178;0.53314;0.00849421;0.000220629;-0.0147408;-0.0376122;-0.0508337;-0.0648477;-0.284173;-0.28113;-0.399293;-0.282096;-0.224152;-0.0163005;-0.0223323;0.00503667;-0.0637014;-0.0924797;-0.0163846
20230414;0.533432;0.989815;0.698856;0.532198;0.529737;0.534045;0.0274683;-0.00849421;-0.00713267;-0.0208259;-0.0447048;-0.0582992;0.374101;0.0641849;-0.0129564;-0.11441;-0.0907656;-0.0296552;-0.0345424;-0.0347153;-0.0133118;-0.0934452;0.00580761
20230417;0.540832;0.982764;0.710142;0.53746;0.535767;0.543031;0.0264755;-0.0274683;-0.0310033;-0.0290844;-0.0433529;-0.0677581;0.258993;0.451861;0.228504;0.116157;0.0102605;-0.115759;-0.1093;-0.0945647;-0.11079;-0.0980712;-0.00579952
20230418;0.547964;0.987024;0.715479;0.542009;0.544061;0.548821;-0.0262548;-0.0264755;-0.046505;-0.0508079;-0.0508337;-0.0655753;-0.156475;0.0731707;0.312132;0.0934498;0.0363062;-0.0547373;-0.128153;-0.117041;-0.136934;-0.164786;-0.00291599
20230419;0.540892;0.983939;0.712998;0.547925;0.545091;0.543695;-0.00297849;0.0262548;-0.000190204;-0.0225314;-0.0295629;-0.0296498;0.113309;-0.0308087;0.141343;0.286463;0.134175;0.0254468;-0.022016;-0.0848195;-0.110523;-0.13693;-0.0155428
20230420;0.540089;0.988444;0.72156;0.541206;0.537443;0.538689;-0.000220629;0.00297849;0.0252021;0.00224417;-0.0201893;-0.0273761;-0.165468;-0.0372272;-0.136631;0.0244541;0.186267;-0.0878153;-0.046879;-0.068479;-0.147317;-0.188198;-0.0152492
20230421;0.54003;0.981882;0.722134;0.541057;0.539708;0.546439;-0.00176503;0.000220629;0.00275796;0.0239677;0.00243353;-0.020191;0.241007;0.0539153;0.123675;0.0157205;0.127861;-0.00589176;-0.0704344;-0.039916;-0.0778119;-0.171162;0.0112752
20230424;0.539554;0.979777;0.720898;0.539303;0.540855;0.514535;-0.0290127;0.00176503;0.00171184;0.0040395;0.025507;0.00391087;0.0773381;0.227214;0.100118;0.129258;0.0481452;0.0126813;0.00510333;-0.0473808;-0.0351609;-0.0790845;-0.0115362
20230425;0.531738;0.984918;0.718554;0.5396;0.535649;0.536759;-0.00606729;0.0290127;0.0265335;0.0252244;0.0277603;0.0496589;-0.188849;-0.0795892;0.0848057;-0.0174672;0.0339384;0.024044;0.0276044;0.0180303;-0.0360483;-0.0226071;-0.00968042
20230426;0.530104;0.98198;0.716768;0.532317;0.528972;0.536849;0.0614451;0.00606729;0.0302425;0.029982;0.0302839;0.033015;0.107914;-0.0577664;-0.00235571;0.115284;0.0315706;0.0183206;0.0318431;0.0321887;0.0310964;-0.0277158;-0.000968981
20230427;0.546657;0.983645;0.723839;0.529879;0.543767;0.535613;-0.0311087;-0.0614451;-0.0477413;-0.0214542;-0.0200991;-0.0201;-0.0611511;0.0333761;-0.0930506;-0.031441;0.0773481;-0.0725248;-0.0407423;-0.0176365;-0.0110577;-0.0167542;0.00581867
20230428;0.538276;0.988052;0.720764;0.548192;0.54415;0.541704;-0.0348593;0.0311087;-0.0261531;-0.0197487;0.00387562;0.00536608;-0.161871;-0.159178;-0.0753828;-0.147598;-0.0994475;0.0315349;-0.0308098;-0.0132561;0.000869704;0.0100766;-0.00636681